<?xml version="1.0" encoding="UTF-8"?><rss version="2.0"
	xmlns:content="http://purl.org/rss/1.0/modules/content/"
	xmlns:dc="http://purl.org/dc/elements/1.1/"
	xmlns:atom="http://www.w3.org/2005/Atom"
	xmlns:sy="http://purl.org/rss/1.0/modules/syndication/"
	
	>
<channel>
	<title>Comments for TNF Charitable Trust</title>
	<atom:link href="http://localhost/comments/feed/" rel="self" type="application/rss+xml" />
	<link>./../../index.html</link>
	<description>To empower Children and Elderly in need</description>
	<lastBuildDate>Mon, 05 Nov 2018 07:50:43 +0000</lastBuildDate>
	<sy:updatePeriod>hourly</sy:updatePeriod>
	<sy:updateFrequency>1</sy:updateFrequency>
	<generator>https://wordpress.org/?v=4.9.8</generator>
</channel>
</rss>
