33a3
<?xml version="1.0" encoding="UTF-8"?><rss version="2.0"
	xmlns:content="http://purl.org/rss/1.0/modules/content/"
	xmlns:wfw="http://wellformedweb.org/CommentAPI/"
	xmlns:dc="http://purl.org/dc/elements/1.1/"
	xmlns:atom="http://www.w3.org/2005/Atom"
	xmlns:sy="http://purl.org/rss/1.0/modules/syndication/"
	xmlns:slash="http://purl.org/rss/1.0/modules/slash/"
	>

<channel>
	<title>TNF Charitable Trust</title>
	<atom:link href="http://localhost/feed/" rel="self" type="application/rss+xml" />
	<link>./../index.html</link>
	<description>To empower Children and Elderly in need</description>
	<lastBuildDate>Mon, 05 Nov 2018 06:57:23 +0000</lastBuildDate>
	<language>en-US</language>
	<sy:updatePeriod>hourly</sy:updatePeriod>
	<sy:updateFrequency>1</sy:updateFrequency>
	<generator>https://wordpress.org/?v=4.9.8</generator>

<image>
	<url>./../wp-content/uploads/2018/11/cropped-logo-v2-e1541232831247-32x32.png</url>
	<title>TNF Charitable Trust</title>
	<link>./../index.html</link>
	<width>32</width>
	<height>32</height>
</image> 
	<item>
		<title>GALLERY</title>
		<link>./../2018/11/05/gallery/index.html</link>
		<pubDate>Mon, 05 Nov 2018 06:20:22 +0000</pubDate>
		<dc:creator><![CDATA[tnfct-admin]]></dc:creator>
				<category><![CDATA[Uncategorized]]></category>

		<guid isPermaLink="false">./../index.html?p=177</guid>
		<description><![CDATA[1 2 3 4 5 6 7 8 9 10 11 12 13 14 15]]></description>
				<content:encoded><![CDATA[<div id="pl-177"  class="panel-layout" ><div id="pg-177-0"  class="panel-grid panel-no-style" ><div id="pgc-177-0-0"  class="panel-grid-cell" ><div id="panel-177-0-0-0" class="so-panel widget widget_sow-slider panel-first-child panel-last-child" data-index="0" ><div class="so-widget-sow-slider so-widget-sow-slider-default-322f8c2b9886"><div class="sow-slider-base " style="display: none"><ul class="sow-slider-images" data-settings="{&quot;pagination&quot;:true,&quot;speed&quot;:500,&quot;timeout&quot;:3500,&quot;swipe&quot;:true}">		<li class="sow-slider-image  sow-slider-image-cover" style="background-image: url(./../wp-content/uploads/2018/11/head_bg.jpg)" >
									<img width="1280" height="720" src="./../wp-content/uploads/2018/11/head_bg.jpg" class="attachment-full size-full" alt="" srcset="./../wp-content/uploads/2018/11/head_bg.jpg 1280w, ./../wp-content/uploads/2018/11/head_bg-300x169.jpg 300w, ./../wp-content/uploads/2018/11/head_bg-768x432.jpg 768w, ./../wp-content/uploads/2018/11/head_bg-1024x576.jpg 1024w" sizes="(max-width: 1280px) 100vw, 1280px" />								</li>
				<li class="sow-slider-image  sow-slider-image-cover" style="background-image: url(./../wp-content/uploads/2018/11/16-deepavali-2.jpg)" >
									<img width="1280" height="720" src="./../wp-content/uploads/2018/11/16-deepavali-2.jpg" class="attachment-full size-full" alt="" srcset="./../wp-content/uploads/2018/11/16-deepavali-2.jpg 1280w, ./../wp-content/uploads/2018/11/16-deepavali-2-300x169.jpg 300w, ./../wp-content/uploads/2018/11/16-deepavali-2-768x432.jpg 768w, ./../wp-content/uploads/2018/11/16-deepavali-2-1024x576.jpg 1024w" sizes="(max-width: 1280px) 100vw, 1280px" />								</li>
				<li class="sow-slider-image  sow-slider-image-cover" style="background-image: url(./../wp-content/uploads/2018/11/16-deepavali-3.jpg)" >
									<img width="1280" height="720" src="./../wp-content/uploads/2018/11/16-deepavali-3.jpg" class="attachment-full size-full" alt="" srcset="./../wp-content/uploads/2018/11/16-deepavali-3.jpg 1280w, ./../wp-content/uploads/2018/11/16-deepavali-3-300x169.jpg 300w, ./../wp-content/uploads/2018/11/16-deepavali-3-768x432.jpg 768w, ./../wp-content/uploads/2018/11/16-deepavali-3-1024x576.jpg 1024w" sizes="(max-width: 1280px) 100vw, 1280px" />								</li>
				<li class="sow-slider-image  sow-slider-image-cover" style="background-image: url(./../wp-content/uploads/2018/11/16-deepavali-4.jpg)" >
									<img width="1280" height="720" src="./../wp-content/uploads/2018/11/16-deepavali-4.jpg" class="attachment-full size-full" alt="" srcset="./../wp-content/uploads/2018/11/16-deepavali-4.jpg 1280w, ./../wp-content/uploads/2018/11/16-deepavali-4-300x169.jpg 300w, ./../wp-content/uploads/2018/11/16-deepavali-4-768x432.jpg 768w, ./../wp-content/uploads/2018/11/16-deepavali-4-1024x576.jpg 1024w" sizes="(max-width: 1280px) 100vw, 1280px" />								</li>
				<li class="sow-slider-image" style="" >
																	</li>
				<li class="sow-slider-image  sow-slider-image-cover" style="background-image: url(./../wp-content/uploads/2018/11/15-flood-relief-2.jpg)" >
									<img width="600" height="800" src="./../wp-content/uploads/2018/11/15-flood-relief-2.jpg" class="attachment-full size-full" alt="" srcset="./../wp-content/uploads/2018/11/15-flood-relief-2.jpg 600w, ./../wp-content/uploads/2018/11/15-flood-relief-2-225x300.jpg 225w" sizes="(max-width: 600px) 100vw, 600px" />								</li>
				<li class="sow-slider-image  sow-slider-image-cover" style="background-image: url(./../wp-content/uploads/2018/11/15-flood-relief-3.jpg)" >
									<img width="600" height="800" src="./../wp-content/uploads/2018/11/15-flood-relief-3.jpg" class="attachment-full size-full" alt="" srcset="./../wp-content/uploads/2018/11/15-flood-relief-3.jpg 600w, ./../wp-content/uploads/2018/11/15-flood-relief-3-225x300.jpg 225w" sizes="(max-width: 600px) 100vw, 600px" />								</li>
				<li class="sow-slider-image  sow-slider-image-cover" style="background-image: url(./../wp-content/uploads/2018/11/16-deepavali-7.jpeg)" >
									<img width="1280" height="720" src="./../wp-content/uploads/2018/11/16-deepavali-7.jpeg" class="attachment-full size-full" alt="" srcset="./../wp-content/uploads/2018/11/16-deepavali-7.jpeg 1280w, ./../wp-content/uploads/2018/11/16-deepavali-7-300x169.jpeg 300w, ./../wp-content/uploads/2018/11/16-deepavali-7-768x432.jpeg 768w, ./../wp-content/uploads/2018/11/16-deepavali-7-1024x576.jpeg 1024w" sizes="(max-width: 1280px) 100vw, 1280px" />								</li>
				<li class="sow-slider-image  sow-slider-image-cover" style="background-image: url(./../wp-content/uploads/2018/11/16-school-1.jpg)" >
									<img width="1280" height="720" src="./../wp-content/uploads/2018/11/16-school-1.jpg" class="attachment-full size-full" alt="" srcset="./../wp-content/uploads/2018/11/16-school-1.jpg 1280w, ./../wp-content/uploads/2018/11/16-school-1-300x169.jpg 300w, ./../wp-content/uploads/2018/11/16-school-1-768x432.jpg 768w, ./../wp-content/uploads/2018/11/16-school-1-1024x576.jpg 1024w" sizes="(max-width: 1280px) 100vw, 1280px" />								</li>
				<li class="sow-slider-image  sow-slider-image-cover" style="background-image: url(./../wp-content/uploads/2018/11/16-school-2.jpg)" >
									<img width="1280" height="720" src="./../wp-content/uploads/2018/11/16-school-2.jpg" class="attachment-full size-full" alt="" srcset="./../wp-content/uploads/2018/11/16-school-2.jpg 1280w, ./../wp-content/uploads/2018/11/16-school-2-300x169.jpg 300w, ./../wp-content/uploads/2018/11/16-school-2-768x432.jpg 768w, ./../wp-content/uploads/2018/11/16-school-2-1024x576.jpg 1024w" sizes="(max-width: 1280px) 100vw, 1280px" />								</li>
				<li class="sow-slider-image  sow-slider-image-cover" style="background-image: url(./../wp-content/uploads/2018/11/16-school-3.jpg)" >
									<img width="1280" height="720" src="./../wp-content/uploads/2018/11/16-school-3.jpg" class="attachment-full size-full" alt="" srcset="./../wp-content/uploads/2018/11/16-school-3.jpg 1280w, ./../wp-content/uploads/2018/11/16-school-3-300x169.jpg 300w, ./../wp-content/uploads/2018/11/16-school-3-768x432.jpg 768w, ./../wp-content/uploads/2018/11/16-school-3-1024x576.jpg 1024w" sizes="(max-width: 1280px) 100vw, 1280px" />								</li>
				<li class="sow-slider-image  sow-slider-image-cover" style="background-image: url(./../wp-content/uploads/2018/11/16-school-4.jpg)" >
									<img width="1280" height="720" src="./../wp-content/uploads/2018/11/16-school-4.jpg" class="attachment-full size-full" alt="" srcset="./../wp-content/uploads/2018/11/16-school-4.jpg 1280w, ./../wp-content/uploads/2018/11/16-school-4-300x169.jpg 300w, ./../wp-content/uploads/2018/11/16-school-4-768x432.jpg 768w, ./../wp-content/uploads/2018/11/16-school-4-1024x576.jpg 1024w" sizes="(max-width: 1280px) 100vw, 1280px" />								</li>
				<li class="sow-slider-image  sow-slider-image-cover" style="background-image: url(./../wp-content/uploads/2018/11/16-tree-plant-1.jpg)" >
									<img width="2048" height="1536" src="./../wp-content/uploads/2018/11/16-tree-plant-1.jpg" class="attachment-full size-full" alt="" srcset="./../wp-content/uploads/2018/11/16-tree-plant-1.jpg 2048w, ./../wp-content/uploads/2018/11/16-tree-plant-1-300x225.jpg 300w, ./../wp-content/uploads/2018/11/16-tree-plant-1-768x576.jpg 768w, ./../wp-content/uploads/2018/11/16-tree-plant-1-1024x768.jpg 1024w" sizes="(max-width: 2048px) 100vw, 2048px" />								</li>
				<li class="sow-slider-image  sow-slider-image-cover" style="background-image: url(./../wp-content/uploads/2018/11/16-tree-plant-2.jpg)" >
									<img width="2048" height="1536" src="./../wp-content/uploads/2018/11/16-tree-plant-2.jpg" class="attachment-full size-full" alt="" srcset="./../wp-content/uploads/2018/11/16-tree-plant-2.jpg 2048w, ./../wp-content/uploads/2018/11/16-tree-plant-2-300x225.jpg 300w, ./../wp-content/uploads/2018/11/16-tree-plant-2-768x576.jpg 768w, ./../wp-content/uploads/2018/11/16-tree-plant-2-1024x768.jpg 1024w" sizes="(max-width: 2048px) 100vw, 2048px" />								</li>
				<li class="sow-slider-image  sow-slider-image-cover" style="background-image: url(./../wp-content/uploads/2018/11/16-tree-plant-3.jpg)" >
									<img width="960" height="770" src="./../wp-content/uploads/2018/11/16-tree-plant-3.jpg" class="attachment-full size-full" alt="" srcset="./../wp-content/uploads/2018/11/16-tree-plant-3.jpg 960w, ./../wp-content/uploads/2018/11/16-tree-plant-3-300x241.jpg 300w, ./../wp-content/uploads/2018/11/16-tree-plant-3-768x616.jpg 768w" sizes="(max-width: 960px) 100vw, 960px" />								</li>
		</ul>				<ol class="sow-slider-pagination">
											<li><a href="#" data-goto="0" aria-label="display slide 1">1</a></li>
											<li><a href="#" data-goto="1" aria-label="display slide 2">2</a></li>
											<li><a href="#" data-goto="2" aria-label="display slide 3">3</a></li>
											<li><a href="#" data-goto="3" aria-label="display slide 4">4</a></li>
											<li><a href="#" data-goto="4" aria-label="display slide 5">5</a></li>
											<li><a href="#" data-goto="5" aria-label="display slide 6">6</a></li>
											<li><a href="#" data-goto="6" aria-label="display slide 7">7</a></li>
											<li><a href="#" data-goto="7" aria-label="display slide 8">8</a></li>
											<li><a href="#" data-goto="8" aria-label="display slide 9">9</a></li>
											<li><a href="#" data-goto="9" aria-label="display slide 10">10</a></li>
											<li><a href="#" data-goto="10" aria-label="display slide 11">11</a></li>
											<li><a href="#" data-goto="11" aria-label="display slide 12">12</a></li>
											<li><a href="#" data-goto="12" aria-label="display slide 13">13</a></li>
											<li><a href="#" data-goto="13" aria-label="display slide 14">14</a></li>
											<li><a href="#" data-goto="14" aria-label="display slide 15">15</a></li>
									</ol>

				<div class="sow-slide-nav sow-slide-nav-next">
					<a href="#" data-goto="next" aria-label="next slide" data-action="next">
						<em class="sow-sld-icon-thin-right"></em>
					</a>
				</div>

				<div class="sow-slide-nav sow-slide-nav-prev">
					<a href="#" data-goto="previous" aria-label="previous slide" data-action="prev">
						<em class="sow-sld-icon-thin-left"></em>
					</a>
				</div>
				</div></div></div></div></div></div>
ab6
]]></content:encoded>
			</item>
		<item>
		<title>Truth Foundation</title>
		<link>./../2018/11/05/truth-foundation/index.html</link>
		<pubDate>Mon, 05 Nov 2018 05:51:49 +0000</pubDate>
		<dc:creator><![CDATA[tnfct-admin]]></dc:creator>
				<category><![CDATA[Uncategorized]]></category>

		<guid isPermaLink="false">./../index.html?p=167</guid>
		<description><![CDATA[<img width="488" height="277" src="./../wp-content/uploads/2018/11/truth-foundation-488x277.jpg" class="attachment-charitas-lite-medium-thumb size-charitas-lite-medium-thumb wp-post-image" alt="" style="float:left; margin:0 15px 15px 0;" />Our charity volunteers visited Truth Foundation orphanage for children and celebrated Deepavali with children by donating Dresses and sponsoring Lunch.]]></description>
				<content:encoded><![CDATA[<img width="488" height="277" src="./../wp-content/uploads/2018/11/truth-foundation-488x277.jpg" class="attachment-charitas-lite-medium-thumb size-charitas-lite-medium-thumb wp-post-image" alt="" style="float:left; margin:0 15px 15px 0;" /><p>Our charity volunteers visited Truth Foundation orphanage for children and celebrated Deepavali with children by donating Dresses and sponsoring Lunch.</p>
]]></content:encoded>
			</item>
		<item>
		<title>Flood Relief</title>
		<link>./../2018/11/05/flood-relief/index.html</link>
		<pubDate>Mon, 05 Nov 2018 05:50:58 +0000</pubDate>
		<dc:creator><![CDATA[tnfct-admin]]></dc:creator>
				<category><![CDATA[Uncategorized]]></category>

		<guid isPermaLink="false">./../index.html?p=165</guid>
		<description><![CDATA[<img width="203" height="194" src="./../wp-content/uploads/2018/11/flood-relief.jpg" class="attachment-charitas-lite-medium-thumb size-charitas-lite-medium-thumb wp-post-image" alt="" style="float:left; margin:0 15px 15px 0;" />When unprecedented floods ravaged Tamil Nadu last year, it affected millions especially in Chennai and surrounding areas and Cuddalore. Volunteers from our trust went to a hamlet in Cuddalore and distributed clothes to the people and the elderly in need.]]></description>
				<content:encoded><![CDATA[<img width="203" height="194" src="./../wp-content/uploads/2018/11/flood-relief.jpg" class="attachment-charitas-lite-medium-thumb size-charitas-lite-medium-thumb wp-post-image" alt="" style="float:left; margin:0 15px 15px 0;" /><p>When unprecedented floods ravaged Tamil Nadu last year, it affected millions especially in Chennai and surrounding areas and Cuddalore. Volunteers from our trust went to a hamlet in Cuddalore and distributed clothes to the people and the elderly in need.</p>
]]></content:encoded>
			</item>
	</channel>
</rss>

0

